{
  "timestamp": 1765090958.7925,
  "platform": "win32",
  "results": [
    {
      "name": "CytoScnPy (Rust)",
      "time": 2.57478928565979,
      "memory_mb": 13.98046875,
      "issues": 119,
      "f1_score": 0.5877551020408164,
      "stats": {
        "overall": {
          "TP": 72,
          "FP": 47,
          "FN": 54,
          "Precision": 0.6050420168067226,
          "Recall": 0.5714285714285714,
          "F1": 0.5877551020408164
        },
        "class": {
          "TP": 9,
          "FP": 3,
          "FN": 2,
          "Precision": 0.75,
          "Recall": 0.8181818181818182,
          "F1": 0.7826086956521738
        },
        "function": {
          "TP": 37,
          "FP": 28,
          "FN": 13,
          "Precision": 0.5692307692307692,
          "Recall": 0.74,
          "F1": 0.6434782608695652
        },
        "import": {
          "TP": 7,
          "FP": 7,
          "FN": 12,
          "Precision": 0.5,
          "Recall": 0.3684210526315789,
          "F1": 0.4242424242424242
        },
        "method": {
          "TP": 16,
          "FP": 0,
          "FN": 11,
          "Precision": 1.0,
          "Recall": 0.5925925925925926,
          "F1": 0.7441860465116279
        },
        "variable": {
          "TP": 3,
          "FP": 9,
          "FN": 16,
          "Precision": 0.25,
          "Recall": 0.15789473684210525,
          "F1": 0.1935483870967742
        },
        "Tool": "CytoScnPy (Rust)"
      }
    },
    {
      "name": "CytoScnPy (Python)",
      "time": 0.5947625637054443,
      "memory_mb": 24.94140625,
      "issues": 119,
      "f1_score": 0.5877551020408164,
      "stats": {
        "overall": {
          "TP": 72,
          "FP": 47,
          "FN": 54,
          "Precision": 0.6050420168067226,
          "Recall": 0.5714285714285714,
          "F1": 0.5877551020408164
        },
        "class": {
          "TP": 9,
          "FP": 3,
          "FN": 2,
          "Precision": 0.75,
          "Recall": 0.8181818181818182,
          "F1": 0.7826086956521738
        },
        "function": {
          "TP": 37,
          "FP": 28,
          "FN": 13,
          "Precision": 0.5692307692307692,
          "Recall": 0.74,
          "F1": 0.6434782608695652
        },
        "import": {
          "TP": 7,
          "FP": 7,
          "FN": 12,
          "Precision": 0.5,
          "Recall": 0.3684210526315789,
          "F1": 0.4242424242424242
        },
        "method": {
          "TP": 16,
          "FP": 0,
          "FN": 11,
          "Precision": 1.0,
          "Recall": 0.5925925925925926,
          "F1": 0.7441860465116279
        },
        "variable": {
          "TP": 3,
          "FP": 9,
          "FN": 16,
          "Precision": 0.25,
          "Recall": 0.15789473684210525,
          "F1": 0.1935483870967742
        },
        "Tool": "CytoScnPy (Python)"
      }
    },
    {
      "name": "Skylos",
      "time": 9.105807781219482,
      "memory_mb": 69.48828125,
      "issues": 88,
      "f1_score": 0.5981308411214953,
      "stats": {
        "overall": {
          "TP": 64,
          "FP": 24,
          "FN": 62,
          "Precision": 0.7272727272727273,
          "Recall": 0.5079365079365079,
          "F1": 0.5981308411214953
        },
        "class": {
          "TP": 11,
          "FP": 3,
          "FN": 0,
          "Precision": 0.7857142857142857,
          "Recall": 1.0,
          "F1": 0.88
        },
        "function": {
          "TP": 29,
          "FP": 6,
          "FN": 21,
          "Precision": 0.8285714285714286,
          "Recall": 0.58,
          "F1": 0.6823529411764706
        },
        "import": {
          "TP": 5,
          "FP": 7,
          "FN": 14,
          "Precision": 0.4166666666666667,
          "Recall": 0.2631578947368421,
          "F1": 0.3225806451612903
        },
        "method": {
          "TP": 16,
          "FP": 4,
          "FN": 11,
          "Precision": 0.8,
          "Recall": 0.5925925925925926,
          "F1": 0.6808510638297872
        },
        "variable": {
          "TP": 3,
          "FP": 4,
          "FN": 16,
          "Precision": 0.42857142857142855,
          "Recall": 0.15789473684210525,
          "F1": 0.23076923076923078
        },
        "Tool": "Skylos"
      }
    },
    {
      "name": "Vulture (0%)",
      "time": 0.31809401512145996,
      "memory_mb": 25.06640625,
      "issues": 137,
      "f1_score": 0.6848249027237354,
      "stats": {
        "overall": {
          "TP": 88,
          "FP": 43,
          "FN": 38,
          "Precision": 0.6717557251908397,
          "Recall": 0.6984126984126984,
          "F1": 0.6848249027237354
        },
        "class": {
          "TP": 11,
          "FP": 3,
          "FN": 0,
          "Precision": 0.7857142857142857,
          "Recall": 1.0,
          "F1": 0.88
        },
        "function": {
          "TP": 47,
          "FP": 19,
          "FN": 3,
          "Precision": 0.7121212121212122,
          "Recall": 0.94,
          "F1": 0.810344827586207
        },
        "import": {
          "TP": 6,
          "FP": 5,
          "FN": 13,
          "Precision": 0.5454545454545454,
          "Recall": 0.3157894736842105,
          "F1": 0.39999999999999997
        },
        "method": {
          "TP": 19,
          "FP": 4,
          "FN": 8,
          "Precision": 0.8260869565217391,
          "Recall": 0.7037037037037037,
          "F1": 0.76
        },
        "variable": {
          "TP": 5,
          "FP": 12,
          "FN": 14,
          "Precision": 0.29411764705882354,
          "Recall": 0.2631578947368421,
          "F1": 0.27777777777777773
        },
        "Tool": "Vulture (0%)"
      }
    },
    {
      "name": "Vulture (60%)",
      "time": 0.24175357818603516,
      "memory_mb": 25.08203125,
      "issues": 137,
      "f1_score": 0.6848249027237354,
      "stats": {
        "overall": {
          "TP": 88,
          "FP": 43,
          "FN": 38,
          "Precision": 0.6717557251908397,
          "Recall": 0.6984126984126984,
          "F1": 0.6848249027237354
        },
        "class": {
          "TP": 11,
          "FP": 3,
          "FN": 0,
          "Precision": 0.7857142857142857,
          "Recall": 1.0,
          "F1": 0.88
        },
        "function": {
          "TP": 47,
          "FP": 19,
          "FN": 3,
          "Precision": 0.7121212121212122,
          "Recall": 0.94,
          "F1": 0.810344827586207
        },
        "import": {
          "TP": 6,
          "FP": 5,
          "FN": 13,
          "Precision": 0.5454545454545454,
          "Recall": 0.3157894736842105,
          "F1": 0.39999999999999997
        },
        "method": {
          "TP": 19,
          "FP": 4,
          "FN": 8,
          "Precision": 0.8260869565217391,
          "Recall": 0.7037037037037037,
          "F1": 0.76
        },
        "variable": {
          "TP": 5,
          "FP": 12,
          "FN": 14,
          "Precision": 0.29411764705882354,
          "Recall": 0.2631578947368421,
          "F1": 0.27777777777777773
        },
        "Tool": "Vulture (60%)"
      }
    },
    {
      "name": "Flake8",
      "time": 1.5295751094818115,
      "memory_mb": 276.92578125,
      "issues": 187,
      "f1_score": 0.18987341772151897,
      "stats": {
        "overall": {
          "TP": 15,
          "FP": 17,
          "FN": 111,
          "Precision": 0.46875,
          "Recall": 0.11904761904761904,
          "F1": 0.18987341772151897
        },
        "class": {
          "TP": 0,
          "FP": 0,
          "FN": 11,
          "Precision": 0,
          "Recall": 0.0,
          "F1": 0
        },
        "function": {
          "TP": 0,
          "FP": 0,
          "FN": 50,
          "Precision": 0,
          "Recall": 0.0,
          "F1": 0
        },
        "import": {
          "TP": 15,
          "FP": 17,
          "FN": 4,
          "Precision": 0.46875,
          "Recall": 0.7894736842105263,