{
  "results": [
    {
      "command": "target\\release\\cytoscnpy-bin.exe analyze benchmark\\datasets\\tiny_flask --json",
      "mean": 0.06928671100000001,
      "stddev": 0.006899108411524904,
      "median": 0.068656726,
      "user": 0.10421874999999996,
      "system": 0.10562500000000001,
      "min": 0.060264925999999996,
      "max": 0.086513526,
      "times": [
        0.063297926,
        0.068291426,
        0.062703126,
        0.065937126,
        0.074703626,
        0.086513526,
        0.080184626,
        0.073750226,
        0.068097926,
        0.076079426,
        0.075126926,
        0.070184226,
        0.069566226,
        0.066340326,
        0.069022026,
        0.062912526,
        0.070483726,
        0.061666526,
        0.060264925999999996,
        0.060607826000000004
      ],
      "memory_usage_byte": [
        0,
        0,
        0,
        0,
        0,
        0,
        0,
        0,
        0,
        0,
        0,
        0,
        0,
        0,
        0,
        0,
        0,
        0,
        0,
        0
      ],
      "exit_codes": [
        0,
        0,
        0,
        0,
        0,
        0,
        0,
        0,
        0,
        0,
        0,
        0,
        0,
        0,
        0,
        0,
        0,
        0,
        0,
        0
      ]
    }
  ]
}
