{
  "results": [
    {
      "command": "target\\release\\cytoscnpy-bin.exe analyze benchmark\\datasets\\small_requests --json",
      "mean": 0.057009096,
      "stddev": 0.004988146405674602,
      "median": 0.055665146,
      "user": 0.07812499999999997,
      "system": 0.053125,
      "min": 0.052214196000000004,
      "max": 0.068950596,
      "times": [
        0.061294296,
        0.055801796,
        0.05816149600000001,
        0.068950596,
        0.054246195999999997,
        0.055528496,
        0.057057496,
        0.052529896000000006,
        0.054306495999999996,
        0.052214196000000004
      ],
      "memory_usage_byte": [
        0,
        0,
        0,
        0,
        0,
        0,
        0,
        0,
        0,
        0
      ],
      "exit_codes": [
        0,
        0,
        0,
        0,
        0,
        0,
        0,
        0,
        0,
        0
      ]
    }
  ]
}
