{
  "results": [
    {
      "command": "target\\release\\cytoscnpy-bin.exe analyze benchmark\\datasets\\large_django --json",
      "mean": 1.7469506559999999,
      "stddev": 0.25698925983602333,
      "median": 1.792241916,
      "user": 7.150000000000001,
      "system": 1.0506250000000004,
      "min": 1.064765616,
      "max": 1.982459616,
      "times": [
        1.064765616,
        1.654890616,
        1.982459616,
        1.799195416,
        1.7795610160000002,
        1.777851316,
        1.810750316,
        1.866645616,
        1.9480986160000002,
        1.7852884160000002
      ],
      "memory_usage_byte": [
        0,
        0,
        0,
        0,
        0,
        0,
        0,
        0,
        0,
        0
      ],
      "exit_codes": [
        0,
        0,
        0,
        0,
        0,
        0,
        0,
        0,
        0,
        0
      ]
    }
  ]
}
