{
  "results": [
    {
      "command": "target\\release\\cytoscnpy-bin.exe analyze benchmark\\datasets\\tiny_flask --json",
      "mean": 0.07404006199999999,
      "stddev": 0.008037480169693873,
      "median": 0.073274852,
      "user": 0.13062500000000002,
      "system": 0.08343749999999998,
      "min": 0.06179230199999999,
      "max": 0.084261802,
      "times": [
        0.06953960199999999,
        0.083096302,
        0.077010102,
        0.077044002,
        0.069255702,
        0.06179230199999999,
        0.068114602,
        0.066588302,
        0.084261802,
        0.083697902
      ],
      "memory_usage_byte": [
        0,
        0,
        0,
        0,
        0,
        0,
        0,
        0,
        0,
        0
      ],
      "exit_codes": [
        0,
        0,
        0,
        0,
        0,
        0,
        0,
        0,
        0,
        0
      ]
    }
  ]
}
