{
  "results": [
    {
      "command": "target\\release\\cytoscnpy-bin.exe analyze benchmark\\datasets\\medium_fastapi --json",
      "mean": 0.28213401200000005,
      "stddev": 0.014628688974880467,
      "median": 0.27967608200000005,
      "user": 0.9507812500000004,
      "system": 0.32921875000000017,
      "min": 0.254948932,
      "max": 0.330324032,
      "times": [
        0.330324032,
        0.303039832,
        0.27894093200000003,
        0.278893632,
        0.280650032,
        0.282510732,
        0.254948932,
        0.276345932,
        0.289174532,
        0.267612132,
        0.282509032,
        0.273613432,
        0.278693432,
        0.28042743200000003,
        0.278683832,
        0.290787232,
        0.282008932,
        0.274164032,
        0.280278032,
        0.27907413200000003
      ],
      "memory_usage_byte": [
        0,
        0,
        0,
        0,
        0,
        0,
        0,
        0,
        0,
        0,
        0,
        0,
        0,
        0,
        0,
        0,
        0,
        0,
        0,
        0
      ],
      "exit_codes": [
        0,
        0,
        0,
        0,
        0,
        0,
        0,
        0,
        0,
        0,
        0,
        0,
        0,
        0,
        0,
        0,
        0,
        0,
        0,
        0
      ]
    }
  ]
}
