{
  "results": [
    {
      "command": "target\\release\\cytoscnpy-bin.exe analyze benchmark\\datasets\\massive_tensorflow --json",
      "mean": 3.6978736639999994,
      "stddev": 0.9937436582206332,
      "median": 3.420536634,
      "user": 15.381562499999998,
      "system": 1.3507812499999994,
      "min": 2.598973834,
      "max": 6.175771534000001,
      "times": [
        3.286988234,
        4.190258634,
        3.928261934,
        4.1649789340000005,
        4.030840134,
        5.001082134000001,
        5.643511334,
        6.175771534000001,
        4.206213334,
        3.213062934,
        3.345777134,
        2.598973834,
        3.630586134,
        3.4952961339999997,
        3.056711934,
        2.805878334,
        2.741726434,
        2.888332134,
        2.7499034339999997,
        2.803318634
      ],
      "memory_usage_byte": [
        0,
        0,
        0,
        0,
        0,
        0,
        0,
        0,
        0,
        0,
        0,
        0,
        0,
        0,
        0,
        0,
        0,
        0,
        0,
        0
      ],
      "exit_codes": [
        0,
        0,
        0,
        0,
        0,
        0,
        0,
        0,
        0,
        0,
        0,
        0,
        0,
        0,
        0,
        0,
        0,
        0,
        0,
        0
      ]
    }
  ]
}
