{
  "results": [
    {
      "command": "target\\release\\cytoscnpy-bin.exe analyze benchmark\\datasets\\tiny_flask --json",
      "mean": 0.063966063,
      "stddev": 0.004248794027346558,
      "median": 0.06377200800000002,
      "user": 0.11000000000000003,
      "system": 0.10953125000000001,
      "min": 0.056742608000000014,
      "max": 0.073426608,
      "times": [
        0.06512210800000001,
        0.066304708,
        0.059632508000000015,
        0.06308980800000001,
        0.06068100800000001,
        0.06460420800000001,
        0.06807420800000001,
        0.06945740800000001,
        0.06018580800000001,
        0.073426608,
        0.06071280800000001,
        0.06865190800000001,
        0.06765280800000001,
        0.05867060800000001,
        0.06445420800000001,
        0.06659590800000001,
        0.056742608000000014,
        0.062856508,
        0.062720408,
        0.059685108000000014
      ],
      "memory_usage_byte": [
        0,
        0,
        0,
        0,
        0,
        0,
        0,
        0,
        0,
        0,
        0,
        0,
        0,
        0,
        0,
        0,
        0,
        0,
        0,
        0
      ],
      "exit_codes": [
        0,
        0,
        0,
        0,
        0,
        0,
        0,
        0,
        0,
        0,
        0,
        0,
        0,
        0,
        0,
        0,
        0,
        0,
        0,
        0
      ]
    }
  ]
}
