{
  "results": [
    {
      "command": "target\\release\\cytoscnpy-bin.exe analyze benchmark\\datasets\\large_django --json",
      "mean": 1.3717936490000002,
      "stddev": 0.3307756726401847,
      "median": 1.315217084,
      "user": 5.280624999999999,
      "system": 0.7526562500000002,
      "min": 0.941501334,
      "max": 2.013433334,
      "times": [
        1.624151334,
        1.078073934,
        1.858221234,
        1.5338599339999999,
        0.941501334,
        0.9685076340000001,
        1.335460334,
        1.471065034,
        1.757520334,
        1.271724434,
        0.9788788340000001,
        0.969283034,
        1.559058934,
        1.161507734,
        1.350559234,
        2.013433334,
        1.123737234,
        1.294973834,
        1.882550034,
        1.2618052339999999
      ],
      "memory_usage_byte": [
        0,
        0,
        0,
        0,
        0,
        0,
        0,
        0,
        0,
        0,
        0,
        0,
        0,
        0,
        0,
        0,
        0,
        0,
        0,
        0
      ],
      "exit_codes": [
        0,
        0,
        0,
        0,
        0,
        0,
        0,
        0,
        0,
        0,
        0,
        0,
        0,
        0,
        0,
        0,
        0,
        0,
        0,
        0
      ]
    }
  ]
}
