{
  "results": [
    {
      "command": "target\\release\\cytoscnpy-bin.exe analyze benchmark\\datasets\\large_django --json",
      "mean": 1.62067361,
      "stddev": 0.41944486834239597,
      "median": 1.70199095,
      "user": 6.185625,
      "system": 0.849375,
      "min": 1.071836,
      "max": 2.2048342,
      "times": [
        1.4890993,
        1.9794154,
        1.2862786,
        1.1106779,
        1.071836,
        1.2639475,
        1.9708752999999999,
        1.9148825999999999,
        1.9148893,
        2.2048342
      ],
      "memory_usage_byte": [
        0,
        0,
        0,
        0,
        0,
        0,
        0,
        0,
        0,
        0
      ],
      "exit_codes": [
        0,
        0,
        0,
        0,
        0,
        0,
        0,
        0,
        0,
        0
      ]
    }
  ]
}
