{
  "results": [
    {
      "command": "target\\release\\cytoscnpy-bin.exe analyze benchmark\\datasets\\large_django --json",
      "mean": 1.2788635679999998,
      "stddev": 0.07553762456753103,
      "median": 1.249849968,
      "user": 5.430468750000002,
      "system": 0.81578125,
      "min": 1.195450768,
      "max": 1.445588668,
      "times": [
        1.279158268,
        1.290573468,
        1.195450768,
        1.415862768,
        1.259612168,
        1.2133521680000001,
        1.240087768,
        1.2357837680000001,
        1.225466068,
        1.301801668,
        1.398193068,
        1.3817877680000001,
        1.445588668,
        1.210758168,
        1.279742568,
        1.229105668,
        1.237403968,
        1.311243768,
        1.213685568,
        1.212613268
      ],
      "memory_usage_byte": [
        0,
        0,
        0,
        0,
        0,
        0,
        0,
        0,
        0,
        0,
        0,
        0,
        0,
        0,
        0,
        0,
        0,
        0,
        0,
        0
      ],
      "exit_codes": [
        0,
        0,
        0,
        0,
        0,
        0,
        0,
        0,
        0,
        0,
        0,
        0,
        0,
        0,
        0,
        0,
        0,
        0,
        0,
        0
      ]
    }
  ]
}
