{
  "results": [
    {
      "command": "target\\release\\cytoscnpy-bin.exe analyze benchmark\\datasets\\medium_fastapi --json",
      "mean": 0.321134368,
      "stddev": 0.04230507865861597,
      "median": 0.30409323800000004,
      "user": 1.0318749999999999,
      "system": 0.31843749999999993,
      "min": 0.27049943800000004,
      "max": 0.413274338,
      "times": [
        0.27735833800000004,
        0.39698243800000005,
        0.37175193800000006,
        0.413274338,
        0.36217673800000005,
        0.35423323800000006,
        0.293742738,
        0.296671338,
        0.284337638,
        0.30323453800000005,
        0.347409538,
        0.307198338,
        0.29780743800000004,
        0.295697138,
        0.290415038,
        0.310794938,
        0.364065738,
        0.30495193800000003,
        0.28008453800000005,
        0.27049943800000004
      ],
      "memory_usage_byte": [
        0,
        0,
        0,
        0,
        0,
        0,
        0,
        0,
        0,
        0,
        0,
        0,
        0,
        0,
        0,
        0,
        0,
        0,
        0,
        0
      ],
      "exit_codes": [
        0,
        0,
        0,
        0,
        0,
        0,
        0,
        0,
        0,
        0,
        0,
        0,
        0,
        0,
        0,
        0,
        0,
        0,
        0,
        0
      ]
    }
  ]
}
