{
  "results": [
    {
      "command": "target\\release\\cytoscnpy-bin.exe analyze benchmark\\datasets\\tiny_flask --json",
      "mean": 0.06645247200000001,
      "stddev": 0.0031753012087707613,
      "median": 0.066488992,
      "user": 0.12562500000000001,
      "system": 0.09796875,
      "min": 0.061775642000000006,
      "max": 0.07309344200000001,
      "times": [
        0.065081042,
        0.06985514200000001,
        0.065689142,
        0.068395442,
        0.068679842,
        0.06555514200000001,
        0.067310142,
        0.06937694200000001,
        0.06286074200000001,
        0.06830544200000001,
        0.061775642000000006,
        0.07053274200000001,
        0.06545514200000001,
        0.067182642,
        0.065795342,
        0.06207644200000001,
        0.062373942,
        0.07309344200000001,
        0.061936642,
        0.067718442
      ],
      "memory_usage_byte": [
        0,
        0,
        0,
        0,
        0,
        0,
        0,
        0,
        0,
        0,
        0,
        0,
        0,
        0,
        0,
        0,
        0,
        0,
        0,
        0
      ],
      "exit_codes": [
        0,
        0,
        0,
        0,
        0,
        0,
        0,
        0,
        0,
        0,
        0,
        0,
        0,
        0,
        0,
        0,
        0,
        0,
        0,
        0
      ]
    }
  ]
}
