{
  "results": [
    {
      "command": "target\\release\\cytoscnpy-bin.exe analyze benchmark\\datasets\\massive_tensorflow --json",
      "mean": 2.9030949510000004,
      "stddev": 0.21353057498840586,
      "median": 2.891910716,
      "user": 13.522343750000001,
      "system": 1.2204687499999995,
      "min": 2.5699818160000003,
      "max": 3.4569520160000002,
      "times": [
        2.9478769160000002,
        2.8302617160000003,
        2.7530563160000003,
        2.9095489160000003,
        2.9499104160000003,
        2.5699818160000003,
        2.635153816,
        2.929559716,
        2.746514116,
        3.0013840160000003,
        2.909256116,
        3.4569520160000002,
        3.099590216,
        2.821446916,
        3.240942716,
        3.156288016,
        2.8060937160000003,
        2.874565316,
        2.7495556160000003,
        2.673960616
      ],
      "memory_usage_byte": [
        0,
        0,
        0,
        0,
        0,
        0,
        0,
        0,
        0,
        0,
        0,
        0,
        0,
        0,
        0,
        0,
        0,
        0,
        0,
        0
      ],
      "exit_codes": [
        0,
        0,
        0,
        0,
        0,
        0,
        0,
        0,
        0,
        0,
        0,
        0,
        0,
        0,
        0,
        0,
        0,
        0,
        0,
        0
      ]
    }
  ]
}
