{
  "results": [
    {
      "command": "target\\release\\cytoscnpy-bin.exe analyze benchmark\\datasets\\medium_fastapi --json",
      "mean": 0.295579964,
      "stddev": 0.0666420285198004,
      "median": 0.280896714,
      "user": 0.9428124999999999,
      "system": 0.3003125,
      "min": 0.22106781400000003,
      "max": 0.44466711400000003,
      "times": [
        0.304602314,
        0.26471131400000003,
        0.22106781400000003,
        0.284081614,
        0.22219861400000002,
        0.272167214,
        0.277711814,
        0.364518114,
        0.300073714,
        0.44466711400000003
      ],
      "memory_usage_byte": [
        0,
        0,
        0,
        0,
        0,
        0,
        0,
        0,
        0,
        0
      ],
      "exit_codes": [
        0,
        0,
        0,
        0,
        0,
        0,
        0,
        0,
        0,
        0
      ]
    }
  ]
}
