{
  "results": [
    {
      "command": "target\\release\\cytoscnpy-bin.exe analyze benchmark\\datasets\\small_requests --json",
      "mean": 0.044427438,
      "stddev": 0.017758069423676415,
      "median": 0.039099488,
      "user": 0.063125,
      "system": 0.05000000000000001,
      "min": 0.031847688,
      "max": 0.09117778800000001,
      "times": [
        0.043214088000000005,
        0.031847688,
        0.033113588,
        0.033150288,
        0.034189288,
        0.034984888,
        0.046123188,
        0.050662387999999996,
        0.045811187999999996,
        0.09117778800000001
      ],
      "memory_usage_byte": [
        0,
        0,
        0,
        0,
        0,
        0,
        0,
        0,
        0,
        0
      ],
      "exit_codes": [
        0,
        0,
        0,
        0,
        0,
        0,
        0,
        0,
        0,
        0
      ]
    }
  ]
}
