{
  "results": [
    {
      "command": "target\\release\\cytoscnpy-bin.exe analyze benchmark\\datasets\\large_django --json",
      "mean": 1.4514717499999996,
      "stddev": 0.39483925688570715,
      "median": 1.40123337,
      "user": 6.015468750000002,
      "system": 0.8445312499999998,
      "min": 0.9763603700000001,
      "max": 2.09640037,
      "times": [
        1.09850867,
        1.80635967,
        1.42351527,
        0.9818197700000001,
        1.13381537,
        2.09640037,
        1.79672297,
        1.81063597,
        1.9159283699999998,
        1.81946317,
        1.85338347,
        1.74419967,
        1.81385167,
        1.03861717,
        0.99151467,
        0.9763603700000001,
        1.3789514699999998,
        1.29067837,
        1.01830467,
        1.04040387
      ],
      "memory_usage_byte": [
        0,
        0,
        0,
        0,
        0,
        0,
        0,
        0,
        0,
        0,
        0,
        0,
        0,
        0,
        0,
        0,
        0,
        0,
        0,
        0
      ],
      "exit_codes": [
        0,
        0,
        0,
        0,
        0,
        0,
        0,
        0,
        0,
        0,
        0,
        0,
        0,
        0,
        0,
        0,
        0,
        0,
        0,
        0
      ]
    }
  ]
}
