{
  "results": [
    {
      "command": "target\\release\\cytoscnpy-bin.exe analyze benchmark\\datasets\\medium_fastapi --json",
      "mean": 0.2947511340000001,
      "stddev": 0.037025637343256264,
      "median": 0.27519929400000004,
      "user": 0.9884375000000001,
      "system": 0.34343750000000006,
      "min": 0.265000744,
      "max": 0.358186944,
      "times": [
        0.358186944,
        0.349376544,
        0.330781144,
        0.26806394400000005,
        0.27410384400000004,
        0.27629474400000004,
        0.26626424400000004,
        0.265502644,
        0.265000744,
        0.293936544
      ],
      "memory_usage_byte": [
        0,
        0,
        0,
        0,
        0,
        0,
        0,
        0,
        0,
        0
      ],
      "exit_codes": [
        0,
        0,
        0,
        0,
        0,
        0,
        0,
        0,
        0,
        0
      ]
    }
  ]
}
