{
  "results": [
    {
      "command": "target\\release\\cytoscnpy-bin.exe analyze benchmark\\datasets\\massive_tensorflow --json",
      "mean": 3.115674565000001,
      "stddev": 0.4815395050488515,
      "median": 2.963877,
      "user": 13.66390625,
      "system": 1.1554687499999996,
      "min": 2.73027735,
      "max": 4.73240195,
      "times": [
        3.02181215,
        3.05008955,
        2.89508205,
        2.8784878500000004,
        2.8628862500000003,
        2.84689675,
        3.3212800500000004,
        3.09625005,
        3.0148190500000003,
        2.8216300500000004,
        2.9266615500000004,
        2.77588815,
        2.73027735,
        3.2503597500000003,
        3.6376745500000003,
        4.73240195,
        3.8757803500000003,
        3.0010924500000002,
        2.8121585500000004,
        2.76196285
      ],
      "memory_usage_byte": [
        0,
        0,
        0,
        0,
        0,
        0,
        0,
        0,
        0,
        0,
        0,
        0,
        0,
        0,
        0,
        0,
        0,
        0,
        0,
        0
      ],
      "exit_codes": [
        0,
        0,
        0,
        0,
        0,
        0,
        0,
        0,
        0,
        0,
        0,
        0,
        0,
        0,
        0,
        0,
        0,
        0,
        0,
        0
      ]
    }
  ]
}
