{
  "results": [
    {
      "command": "target\\release\\cytoscnpy-bin.exe analyze benchmark\\datasets\\small_requests --json",
      "mean": 0.06313757,
      "stddev": 0.010914051887360622,
      "median": 0.06130616999999999,
      "user": 0.07,
      "system": 0.05968749999999999,
      "min": 0.05070967,
      "max": 0.08802177,
      "times": [
        0.05070967,
        0.052527870000000004,
        0.05094037,
        0.05431637,
        0.05370727,
        0.06229297,
        0.08802177,
        0.08698547,
        0.07332147,
        0.06910917,
        0.07028557,
        0.06498017,
        0.06304657,
        0.061496369999999995,
        0.06111596999999999,
        0.055087269999999994,
        0.055881070000000005,
        0.05949027,
        0.07353857,
        0.055897169999999996
      ],
      "memory_usage_byte": [
        0,
        0,
        0,
        0,
        0,
        0,
        0,
        0,
        0,
        0,
        0,
        0,
        0,
        0,
        0,
        0,
        0,
        0,
        0,
        0
      ],
      "exit_codes": [
        0,
        0,
        0,
        0,
        0,
        0,
        0,
        0,
        0,
        0,
        0,
        0,
        0,
        0,
        0,
        0,
        0,
        0,
        0,
        0
      ]
    }
  ]
}
