{
  "results": [
    {
      "command": "target\\release\\cytoscnpy-bin.exe analyze benchmark\\datasets\\small_requests --json",
      "mean": 0.06505308800000001,
      "stddev": 0.009703494739086205,
      "median": 0.06328709800000001,
      "user": 0.06718749999999998,
      "system": 0.065,
      "min": 0.05366559800000001,
      "max": 0.088884498,
      "times": [
        0.06138729800000001,
        0.06318469800000001,
        0.056748198,
        0.06819889800000001,
        0.065200198,
        0.085537998,
        0.088884498,
        0.06986409800000001,
        0.068135898,
        0.079826798,
        0.063389498,
        0.06531159800000001,
        0.063477298,
        0.060293598000000004,
        0.05898069800000001,
        0.060654098000000004,
        0.05676019800000001,
        0.05366559800000001,
        0.055568898000000005,
        0.055991698000000006
      ],
      "memory_usage_byte": [
        0,
        0,
        0,
        0,
        0,
        0,
        0,
        0,
        0,
        0,
        0,
        0,
        0,
        0,
        0,
        0,
        0,
        0,
        0,
        0
      ],
      "exit_codes": [
        0,
        0,
        0,
        0,
        0,
        0,
        0,
        0,
        0,
        0,
        0,
        0,
        0,
        0,
        0,
        0,
        0,
        0,
        0,
        0
      ]
    }
  ]
}
