{
  "results": [
    {
      "command": "target\\release\\cytoscnpy-bin.exe analyze benchmark\\datasets\\tiny_flask --json",
      "mean": 0.064367048,
      "stddev": 0.00407941675903417,
      "median": 0.064368198,
      "user": 0.10187500000000001,
      "system": 0.11218750000000002,
      "min": 0.05821889800000001,
      "max": 0.071905598,
      "times": [
        0.063885198,
        0.067286898,
        0.067111498,
        0.071905598,
        0.063422898,
        0.06116409800000001,
        0.066320698,
        0.05821889800000001,
        0.064851198,
        0.05950349800000001
      ],
      "memory_usage_byte": [
        0,
        0,
        0,
        0,
        0,
        0,
        0,
        0,
        0,
        0
      ],
      "exit_codes": [
        0,
        0,
        0,
        0,
        0,
        0,
        0,
        0,
        0,
        0
      ]
    }
  ]
}
