{
  "results": [
    {
      "command": "target\\release\\cytoscnpy-bin.exe analyze benchmark\\datasets\\massive_tensorflow --json",
      "mean": 2.6611917980000004,
      "stddev": 0.2676904288328101,
      "median": 2.6453158880000003,
      "user": 12.7090625,
      "system": 1.1084375,
      "min": 2.2285939380000004,
      "max": 3.226928538,
      "times": [
        2.2285939380000004,
        2.7536037380000002,
        2.5700474380000005,
        2.558184638,
        3.226928538,
        2.4228655380000004,
        2.720584338,
        2.7894284380000003,
        2.541788238,
        2.7998931380000003
      ],
      "memory_usage_byte": [
        0,
        0,
        0,
        0,
        0,
        0,
        0,
        0,
        0,
        0
      ],
      "exit_codes": [
        0,
        0,
        0,
        0,
        0,
        0,
        0,
        0,
        0,
        0
      ]
    }
  ]
}
