{
  "results": [
    {
      "command": "target\\release\\cytoscnpy-bin.exe analyze benchmark\\datasets\\massive_tensorflow --json",
      "mean": 4.4476024899999995,
      "stddev": 0.9560878558076602,
      "median": 4.484100590000001,
      "user": 16.273125,
      "system": 1.5265625000000003,
      "min": 3.05996429,
      "max": 6.02324529,
      "times": [
        4.82194499,
        5.54087789,
        4.42648569,
        5.020480790000001,
        4.5417154900000005,
        6.02324529,
        3.88892779,
        3.17930499,
        3.05996429,
        3.9730776899999998
      ],
      "memory_usage_byte": [
        0,
        0,
        0,
        0,
        0,
        0,
        0,
        0,
        0,
        0
      ],
      "exit_codes": [
        0,
        0,
        0,
        0,
        0,
        0,
        0,
        0,
        0,
        0
      ]
    }
  ]
}
