{
  "results": [
    {
      "command": "target\\release\\cytoscnpy-bin.exe analyze benchmark\\datasets\\small_requests --json",
      "mean": 0.072617305,
      "stddev": 0.019337961725478695,
      "median": 0.06904344,
      "user": 0.07234375000000001,
      "system": 0.06640625000000003,
      "min": 0.05259839,
      "max": 0.12500039000000002,
      "times": [
        0.05259839,
        0.053132290000000006,
        0.05339509000000001,
        0.05355399,
        0.05394289,
        0.09047559000000001,
        0.09259189,
        0.07458279,
        0.06727259000000001,
        0.07917739,
        0.10806409,
        0.12500039000000002,
        0.07860129,
        0.06863719,
        0.06848069,
        0.07132309,
        0.07361379,
        0.06944969,
        0.05708179,
        0.06137119000000001
      ],
      "memory_usage_byte": [
        0,
        0,
        0,
        0,
        0,
        0,
        0,
        0,
        0,
        0,
        0,
        0,
        0,
        0,
        0,
        0,
        0,
        0,
        0,
        0
      ],
      "exit_codes": [
        0,
        0,
        0,
        0,
        0,
        0,
        0,
        0,
        0,
        0,
        0,
        0,
        0,
        0,
        0,
        0,
        0,
        0,
        0,
        0
      ]
    }
  ]
}
