{
  "results": [
    {
      "command": "target\\release\\cytoscnpy-bin.exe analyze benchmark\\datasets\\medium_fastapi --json",
      "mean": 0.2841031610000001,
      "stddev": 0.024513729024048952,
      "median": 0.27910319600000005,
      "user": 0.9673437500000001,
      "system": 0.3207812499999999,
      "min": 0.253521796,
      "max": 0.36971999600000005,
      "times": [
        0.36971999600000005,
        0.28182889600000005,
        0.28102199600000005,
        0.28351959600000004,
        0.27253159600000004,
        0.26706879600000005,
        0.272590896,
        0.284549996,
        0.26934839600000005,
        0.26928639600000004,
        0.253521796,
        0.27718439600000006,
        0.30625429600000004,
        0.29510619600000004,
        0.30101329600000004,
        0.26324479600000006,
        0.267268596,
        0.27475369600000005,
        0.288964596,
        0.30328499600000003
      ],
      "memory_usage_byte": [
        0,
        0,
        0,
        0,
        0,
        0,
        0,
        0,
        0,
        0,
        0,
        0,
        0,
        0,
        0,
        0,
        0,
        0,
        0,
        0
      ],
      "exit_codes": [
        0,
        0,
        0,
        0,
        0,
        0,
        0,
        0,
        0,
        0,
        0,
        0,
        0,
        0,
        0,
        0,
        0,
        0,
        0,
        0
      ]
    }
  ]
}
